PrenticePark,659465.17,5160431.24,piezometer
MinersvilleA,670641.44,5141342.84,piezometer
DiapervilleM,675612.47,5163888.7,piezometer
TolmanMW1_go,673995.42,5161971.13,piezometer
BigBoy_good,675614,5163812.32,piezometer
4inHP_good,675634.91,5163920.12,piezometer
DeGodt_good,673960.54,5162021.39,piezometer
4090152301_b,710734.95,5146993.42,piezometer
2090224601_b,701101.17,5152166.3,piezometer
7090434201_b,674021.62,5161985.01,piezometer
1090415801_b,676176.94,5164024.54,piezometer
5090481101_b,668253.2,5163928.43,piezometer
9090373001_b,683288.56,5117219.04,piezometer
8090444101_b,672774.13,5161671.18,piezometer
8090243201_g,699240.47,5139931.42,piezometer
7090200301_g,704903.74,5142560.59,piezometer
6090435501_g,673914.54,5156081.9,piezometer
7090434602_g,674105.35,5156118.28,piezometer
3090435402_g,673929.63,5156298.57,piezometer
5090435101_g,673991.75,5156362.13,piezometer
9090364201_g,683050.25,5159224.45,piezometer
8090413001_g,676811.42,5162714.77,piezometer
2090391801_g,679607.03,5163229.78,piezometer
0090424501_g,675195.99,5163347.27,piezometer
2090422501_g,675610.69,5163730.01,piezometer
7090464801_g,669959.45,5165576.04,piezometer
W4803234202_,675828.06,5165222.5,piezometer
W4803234303_,675914.13,5165205,piezometer
W4803234301_,676061.81,5161392.5,piezometer
W4802274201_,684087.81,5158090.5,piezometer
W4602244301_,687368.06,5146292,piezometer
5090303401_f,692239.17,5116443.1,piezometer
4090583301_f,656178.37,5117857.49,piezometer
9090380901_f,682332.96,5121206.25,piezometer
1090175601_f,708190.27,5125801.39,piezometer
2090494601_f,667195.94,5128279.17,piezometer
1090385301_f,681086.26,5131424.8,piezometer
1090385302_f,681086.26,5131424.8,piezometer
5090375901_f,682099.03,5136212.18,piezometer
6090411601_f,677888.22,5136118.58,piezometer
9090242701_f,699417.06,5137805.34,piezometer
2090430501_f,675473.43,5139013.88,piezometer
9090362001_f,684117.51,5139485.65,piezometer
9090413101_f,677474.93,5139288.18,piezometer
0090354601_f,684842.78,5139538.54,piezometer
2090345801_f,685866.1,5139631.52,piezometer
4090434601_f,674587.06,5139359.04,piezometer
6090434601_f,674585.29,5139420.77,piezometer
6090435101_f,674478.5,5139417.71,piezometer
8090440101_f,674263.14,5139473.31,piezometer
8090440102_f,674263.14,5139473.31,piezometer
9090440501_f,674176.83,5139501.73,piezometer
9090441101_f,674048.69,5139498.06,piezometer
0090440001_f,674282.73,5139535.65,piezometer
2090460201_f,671675.35,5139523.26,piezometer
3270904011_f,679167.26,5139893.83,piezometer
0090463301_f,671006.33,5139751.52,piezometer
1090462901_f,671090.89,5139784.79,piezometer
2090461601_f,671367.65,5139823.47,piezometer
4090454701_f,671985.24,5139902.68,piezometer
4090463501_f,670960.15,5139873.77,piezometer
5090453801_f,672176.58,5139938.98,piezometer
3370904011_f,679158.17,5140202.47,piezometer
1090444401_f,673324.52,5140156.93,piezometer
5090435501_f,674367.39,5140310.31,piezometer
6090464401_f,670757.54,5140238.74,piezometer
4090441301_f,673975.06,5140577.06,piezometer
8090341101_f,686826.31,5141082,piezometer
8090420101_f,676790.19,5140781.84,piezometer
5090340001_f,687054.55,5141305.28,piezometer
7090414701_f,677072.05,5141376.96,piezometer
3090473601_f,669615.22,5141349.61,piezometer
5090351501_f,685434.27,5141873.48,piezometer
6090473301_f,669676.69,5141444,piezometer
6090473302_f,669676.69,5141444,piezometer
7090424901_f,675739.34,5141647.17,piezometer
4090341801_f,686642.72,5142188.51,piezometer
8090335801_f,687056.4,5142633.73,piezometer
1090482301_f,668579.2,5142494.53,piezometer
5090472601_f,669792.51,5142651.87,piezometer
3090490701_f,667621.2,5143147.55,piezometer
5090483601_f,668281.17,5143227.57,piezometer
8090484101_f,668171.88,5143317.2,piezometer
3090561601_f,658416.14,5144753.63,piezometer
4090473301_f,669566.36,5145394.6,piezometer
9090513801_f,664334.7,5145405.14,piezometer
6090314501_f,689781.82,5146363.74,piezometer
8090312401_f,690218.24,5146748.13,piezometer
8090303001_f,691292.39,5149253.47,piezometer
1090501901_f,665934.13,5148599.16,piezometer
7090303901_f,691091.7,5149525.19,piezometer
9090162201_f,709289.64,5152350.97,piezometer
6090541101_f,660908.86,5151397.92,piezometer
7090541001_f,660929.36,5151429.36,piezometer
7090330201_f,687860.39,5155294.03,piezometer
9090342701_f,686019.22,5156225.74,piezometer
7090434601_f,674105.35,5156118.28,piezometer
0090435601_f,673889.69,5156204.75,piezometer
2090434601_f,674100.91,5156272.6,piezometer
3090435401_f,673929.63,5156298.57,piezometer
8090510901_f,664618.48,5157736.84,piezometer
1090500801_f,665906.33,5158173.58,piezometer
3090502801_f,665478.81,5158223.65,piezometer
0090581401_f,655519.8,5159410.87,piezometer
2090485301_f,667459.56,5159791.72,piezometer
6090382001_f,680929.72,5160303.62,piezometer
7090483701_f,667795.85,5159955.49,piezometer
8090472401_f,669305.55,5161572.94,piezometer
9090441601_f,673305.24,5161717.28,piezometer
0090440701_f,673495.86,5161753.65,piezometer
3090570501_f,656938.02,5161393.34,piezometer
8090342801_f,685809,5162367.11,piezometer
3090343301_f,685697.86,5162518.16,piezometer
1090352201_f,684647.69,5162733.1,piezometer
1090413001_f,676808.71,5162807.36,piezometer
3090431001_f,674679.32,5162807.16,piezometer
8090425401_f,675015.26,5162971.34,piezometer
2090391101_f,679755.96,5163234.21,piezometer
2090391102_f,679755.96,5163234.21,piezometer
9090581001_f,655518.3,5162777.35,piezometer
0090442901_f,672965.81,5163900.76,piezometer
1090405701_f,677474.51,5164062.56,piezometer
2090475901_f,668497,5163836.11,piezometer
4090470001_f,669750.29,5163933.01,piezometer
5090445401_f,672429.6,5164039.86,piezometer
5090451901_f,671897.82,5164024.69,piezometer
8090443701_f,672770.88,5164760.1,piezometer
4090440002_f,673552.5,5164967.87,piezometer
0090473201_f,669021.18,5165642.34,piezometer
1090473001_f,669062.84,5165674.4,piezometer
0090574001_f,656051.9,5166837.16,piezometer
0090542001_f,660221.81,5170035.24,piezometer
6091033701_f,648335.86,5171769.16,piezometer
2090411801_f,677045.01,5163463,piezometer
6090391401_p,680568.55,5133726.23,piezometer
9090384001_p,681237.55,5135692.22,piezometer
9090384902_p,681045.21,5135686.5,piezometer
4090384501_p,681107.74,5136460.63,piezometer
3090472001_p,669956.83,5141359.16,piezometer
0090153001_p,710557.76,5147790.69,piezometer
9090491401_p,667321.96,5148575.52,piezometer
0090571401_p,657029.05,5150493.1,piezometer
2090494401_p,666416.48,5158218.5,piezometer
5090541401_p,660345.19,5170192.95,piezometer
6090525801_p,661942.65,5170884.34,piezometer
W4804363301_,666854.56,5161662.5,piezometer
W4804253201_,667126.69,5163721.5,piezometer
W4804252101_,667479.63,5164336,piezometer
W4804251301_,667595.13,5164272.5,piezometer
W4803193301_,668398.94,5164991.5,piezometer
W4803302301_,668454.88,5163926.5,piezometer
W4803191401_,669893.63,5165568,piezometer
W4803292304_,670068.5,5164138.5,piezometer
W4803292305_,670071.94,5164223,piezometer
W4803292303_,670086.19,5163949,piezometer
W4803292302_,670315.31,5163995,piezometer
W4803292301_,670358.94,5164003.5,piezometer
W4803292401_,670447.44,5164009,piezometer
W4803332303_,671700.94,5162524.5,piezometer
W4803332302_,671713.81,5162398,piezometer
W4803333301_,671725.88,5161622.5,piezometer
W4803333302_,671729.94,5161711,piezometer
W4803332301_,671753.19,5162588.5,piezometer
W4803282301_,671771.44,5164026,piezometer
W4703042301_,671777.63,5161137.5,piezometer
W4803333201_,671788.5,5162003.5,piezometer
W4803283103_,672022.06,5163934.5,piezometer
W4703042201_,672024.25,5161544.5,piezometer
W4803283104_,672106.69,5163927,piezometer
W4803283102_,672151.44,5163932,piezometer
W4803282402_,672253.94,5164104.5,piezometer
W4803283101_,672281.81,5163923.5,piezometer
W4803334301_,672804.81,5161626.5,piezometer
W4803281101_,672816.81,5164737,piezometer
W4803334401_,673220.25,5161722.5,piezometer
W4803334402_,673279.38,5161745,piezometer
W4803273201_,673290.81,5163952,piezometer
W4803223301_,673530.75,5164989,piezometer
W4803223302_,673562.44,5164980.5,piezometer
W4803223401_,673679,5165035,piezometer
W4803342402_,673831.81,5162444,piezometer
W4803272401_,673993.13,5162067.5,piezometer
W4803343102_,674197,5162297.5,piezometer
W4803344201_,675534.25,5163674.5,piezometer
W4803263106_,675608.63,5163733.5,piezometer
W4803263104_,675609.38,5163753.5,piezometer
W4803263103_,675811.13,5165250,piezometer
W4703021201_,676122.44,5161124,piezometer
W4703021402_,676195.75,5164054.5,piezometer
W4803261404_,676495.13,5162483.5,piezometer
W4803362305_,676699.13,5162516.5,piezometer
W4803362307_,676798,5162830,piezometer
W4803362301_,676802,5162605,piezometer
W4803362303_,676803.69,5162694,piezometer
W4803362302_,676969.75,5163845.5,piezometer
W4803253101_,677038.5,5163456.5,piezometer
W4803253404_,677073.94,5163290,piezometer
W4803253401_,677077.44,5163238,piezometer
W4803362101_,677177.63,5163278,piezometer
W4803253402_,677178.75,5163301,piezometer
W4803253405_,677668.69,5162798.5,piezometer
W4803361401_,678239.44,5163703.5,piezometer
W4802303201_,678676.19,5162643.5,piezometer
W4802312401_,679614.69,5163255.5,piezometer
W4802311102_,679617.94,5162841.5,piezometer
W4802311401_,679678.13,5163279.5,piezometer
W4802322202_,680036.5,5162540,piezometer
W4802322301_,683980.38,5163952.5,piezometer
W4702151302_,684124.25,5158127.5,piezometer
W4702151301_,685753.06,5162528.5,piezometer
W4802354101_,685909,5156559.5,piezometer
W4702231401_,685927,5156402.5,piezometer
W4702231405_,686034.25,5156489,piezometer
W4702231402_,686058.63,5156306.5,piezometer
W4702234103_,686071.56,5156245.5,piezometer
W4702234102_,686097.19,5156436,piezometer
W4702231403_,687368.06,5146292,piezometer
AA457_WCRs1,674113.26,5139008.79,piezometer
AA707_WCRs1,666900.45,5156129.31,piezometer
AA719_WCRs1,655391.45,5142647.74,piezometer
AC565_WCRs2,685052.94,5141430.88,piezometer
AC584_WCRs1,655760.69,5133125.27,piezometer
AC592_WCRs2,658681.46,5158792.4,piezometer
AC918_WCRs1,677665.77,5162798.29,piezometer
AH939_WCRs1,685403.86,5139500.58,piezometer
AH940_WCRs1,679094.89,5123088.15,piezometer
AH941_WCRs1,680999.27,5135653.23,piezometer
AH942_WCRs2,678961.19,5138024,piezometer
AH977_WCRs1,671633.03,5145601.61,piezometer
AH988_WCRs1,659079.77,5137977.79,piezometer
AH996_WCRs1,661940.24,5148297.27,piezometer
AJ958_WCRs1,662601.48,5140399.64,piezometer
AJ959_WCRs1,657145.38,5156426.9,piezometer
AJ960_WCRs1,653739.13,5161900.34,piezometer
AJ962_WCRs1,660265.6,5143523.06,piezometer
AP799_WCRs2,658537.82,5174911.45,piezometer
AP808_WCRs1,655471.92,5167453.07,piezometer
AS868_WCRs1,652725.28,5151473.99,piezometer
AZ001_WCRs1,657097.91,5171873.52,piezometer
AZ002_WCRs1,658648.22,5159989.71,piezometer
AZ004_WCRs1,665052.67,5161489.94,piezometer
AZ005_WCRs1,659490.98,5160054.26,piezometer
AZ006_WCRs1,663988.5,5173517.37,piezometer
AZ007_WCRs1,659624.12,5159990.2,piezometer
AZ008_WCRs1,663180.68,5158926.02,piezometer
AZ010_WCRs1,659918.32,5157267.62,piezometer
AZ771_WCRs1,659560.52,5159980.76,piezometer
AZ773_WCRs1,659463.33,5160024.07,piezometer
AZ776_WCRs1,649606.84,5161097.6,piezometer
AZ792_WCRs1,660023.56,5160216.21,piezometer
AZ797_WCRs1,659593.91,5159175.59,piezometer
AZ798_WCRs2,657741.2,5167626.62,piezometer
AZ919_WCRs1,658606.05,5158061.98,piezometer
AZ924_WCRs1,662252.27,5154656.64,piezometer
AZ926_WCRs1,656919.42,5166532.93,piezometer
AZ927_WCRs1,656337.85,5166647.44,piezometer
AZ928_WCRs1,653040.46,5169617.77,piezometer
AZ929_WCRs2,652801.42,5158462.99,piezometer
AZ938_WCRs1,667108.74,5161528.25,piezometer
AZ939_WCRs1,683111.07,5118843.81,piezometer
AZ944_WCRs1,655538.54,5146567.28,piezometer
AZ945_WCRs2,655611.84,5132662.61,piezometer
AZ947_WCRs1,665257.52,5121372.74,piezometer
AZ948_WCRs1,664718.13,5122582.44,piezometer
BF120_WCRs1,681092.82,5131459.8,piezometer
BF121_WCRs1,680671.14,5133150.97,piezometer
BQ235_WCRs1,681333.47,5130335.88,piezometer
BQ236_WCRs1,681333.47,5130335.88,piezometer
BQ239_WCRs1,659661.61,5159420.69,piezometer
BQ385_WCRs1,700223.56,5142469.42,piezometer
CB733_WCRs2,651331.74,5175987.82,piezometer
CC341_WCRs1,684763.42,5132947.29,piezometer
CE969_WCRs1,678681.88,5123472.94,piezometer
CF573_WCRs1,656769.05,5168274.41,piezometer
CH165_WCRs1,706146.29,5150267.52,piezometer
CI207_WCRs1,659808.07,5143588.86,piezometer
CI208_WCRs1,663410.78,5154880.19,piezometer
CI209_WCRs1,664614.33,5157077.91,piezometer
CI211_WCRs1,652977.2,5145001.54,piezometer
CI555_WCRs1,664933.18,5149227.92,piezometer
CI855_WCRs1,709425.04,5152080.07,piezometer
CJ052_WCRs2,655658.17,5132825.99,piezometer
CJ055_WCRs2,652419.94,5173916.91,piezometer
CJ064_WCRs1,662096.07,5140151.62,piezometer
CJ552_WCRs1,658298.12,5136008.79,piezometer
CJ554_WCRs2,651986.32,5173682.05,piezometer
CJ556_WCRs2,658978.78,5136000.89,piezometer
CJ557_WCRs1,659226.42,5141854.76,piezometer
CJ562_WCRs1,660333.52,5143535.15,piezometer
CN296_WCRs1,678744.54,5136297,piezometer
CN297_WCRs1,678744.54,5136297,piezometer
CN298_WCRs1,685777.37,5128474.74,piezometer
CN316_WCRs2,681124.13,5136763.09,piezometer
CN730_WCRs1,681918.2,5127180.37,piezometer
CN731_WCRs1,653707.87,5161737.61,piezometer
CN735_WCRs1,667804.35,5156737.91,piezometer
CN991_WCRs1,683131.35,5118704.14,piezometer
CN992_WCRs1,662294.68,5153921.84,piezometer
CO156_WCRs1,691381.37,5147601.71,piezometer
CO170_WCRs2,691832.88,5149922.27,piezometer
CS235_WCRs1,700155.69,5155138.58,piezometer
CS293_WCRs1,697160.81,5158442.39,piezometer
CW619_WCRs1,651890.39,5141618.87,piezometer
CW625_WCRs1,664772.56,5122030.15,piezometer
CX533_WCRs1,658294.91,5164376.8,piezometer
CX535_WCRs2,663359.23,5172298.97,piezometer
CX947_WCRs2,655284.1,5136756.41,piezometer
CX948_WCRs1,668418.62,5148366.61,piezometer
CX954_WCRs2,664140.29,5173752.08,piezometer
CX955_WCRs1,662520.09,5175297.78,piezometer
CY053_WCRs1,659038.69,5158259.31,piezometer
CY620_WCRs1,663332.63,5159164.99,piezometer
CY624_WCRs1,662204.91,5155307.94,piezometer
CY720_WCRs1,697639.95,5151004.32,piezometer
CZ221_WCRs1,655806.67,5159894.22,piezometer
CZ222_WCRs2,658104.07,5168166.6,piezometer
CZ228_WCRs1,651585.74,5162146.97,piezometer
DA234_WCRs1,666364.03,5158328.67,piezometer
DA238_WCRs1,661287.47,5145065.1,piezometer
DB470_WCRs1,654481.71,5141749.32,piezometer
DB471_WCRs2,653003.38,5135909.88,piezometer
DB472_WCRs2,653595.89,5132664.59,piezometer
DC045_WCRs1,656403.6,5169850.05,piezometer
DC454_WCRs1,649816.6,5159349.35,piezometer
DC859_WCRs1,664741.1,5154142.15,piezometer
DC863_WCRs1,668199.53,5142766.09,piezometer
DC865_WCRs1,661002.45,5158607.98,piezometer
DC869_WCRs2,649890.3,5148629.08,piezometer
DC870_WCRs1,665373.36,5158303.52,piezometer
DD019_WCRs1,663416.7,5148753.28,piezometer
DD021_WCRs1,663185.91,5148387.15,piezometer
DD024_WCRs1,662321.65,5160163.41,piezometer
DD025_WCRs1,662396.91,5158953.57,piezometer
DD036_WCRs2,651479.75,5146800.53,piezometer
DD639_WCRs1,705007.48,5149247.91,piezometer
DE187_WCRs1,651015.89,5156984.91,piezometer
DE447_WCRs1,699414.5,5151989.99,piezometer
DE479_WCRs1,698461.65,5152781.38,piezometer
DE482_WCRs1,667300.99,5148311.95,piezometer
DE483_WCRs1,666498.74,5148420.41,piezometer
DE484_WCRs1,668199.53,5142766.09,piezometer
DE498_WCRs1,681432.64,5145105.49,piezometer
DE836_WCRs2,655122.21,5135133.63,piezometer
DE839_WCRs1,659696.21,5139770.78,piezometer
DF203_WCRs1,663436.96,5142707.52,piezometer
DN933_WCRs1,654978.82,5134922.5,piezometer
DO167_WCRs1,674694.11,5126319.27,piezometer
DO181_WCRs1,686112.17,5127846.63,piezometer
DP993_WCRs2,663866.34,5140896.68,piezometer
DQ098_WCRs1,669187.35,5146797.42,piezometer
DQ101_WCRs1,651383.57,5151456.67,piezometer
DQ103_WCRs1,656408.84,5154940.33,piezometer
DQ106_WCRs1,665373.03,5145409.29,piezometer
DQ234_WCRs1,678884.75,5125710.23,piezometer
DS066_WCRs1,708007.92,5125603.65,piezometer
DU129_WCRs1,693735.11,5150830.03,piezometer
DU131_WCRs1,707741.38,5127737.28,piezometer
DU132_WCRs1,710014.91,5150891.89,piezometer
DU136_WCRs1,701072.49,5156021.82,piezometer
DU140_WCRs1,706157.81,5150591.88,piezometer
DU141_WCRs1,708463.78,5152293.62,piezometer
DU143_WCRs1,697943.96,5126735.14,piezometer
DU145_WCRs1,707308.76,5153349.88,piezometer
DV311_WCRs1,655059.8,5135201.19,piezometer
DV343_WCRs1,656488.72,5135399.5,piezometer
EC067_WCRs1,679198.7,5130852.5,piezometer
EJ756_WCRs2,702828.28,5142111.1,piezometer
EM675_WCRs1,687507.17,5120040.54,piezometer
EM690_WCRs2,685068.36,5128669.3,piezometer
EM691_WCRs1,684971.94,5128669.63,piezometer
EP034_WCRs1,673481.46,5144818.42,piezometer
EP056_WCRs1,678515.38,5134536.21,piezometer
EQ189_WCRs1,666155.03,5161452.95,piezometer
FD080_WCRs1,696175.53,5159402.8,piezometer
FF026_WCRs1,665733.8,5148988.09,piezometer
FF101_WCRs2,666824.57,5164944,piezometer
FF361_WCRs1,663311.15,5145335.49,piezometer
FF650_WCRs1,661942.51,5129528.97,piezometer
FF656_WCRs1,655100.91,5159218.77,piezometer
FI581_WCRs1,661108.93,5128836.44,piezometer
FI583_WCRs1,664768.36,5121845.49,piezometer
FJ541_WCRs1,653703.47,5143198.55,piezometer
FK790_WCRs1,670369.88,5135979.2,piezometer
FL082_WCRs1,663243.6,5160203.16,piezometer
FL083_WCRs1,661494.55,5172272.98,piezometer
FL084_WCRs1,657040.17,5172342.03,piezometer
FL086_WCRs1,655987.74,5153291.12,piezometer
FL087_WCRs1,665440.03,5154267.43,piezometer
FL089_WCRs1,656801.31,5170417.65,piezometer
FL090_WCRs1,665839.24,5158380.04,piezometer
FL095_WCRs2,651537.36,5168941.21,piezometer
FL096_WCRs1,661103.99,5174138.87,piezometer
FL101_WCRs1,658783.36,5156588.24,piezometer
FL102_WCRs1,660449.12,5144272.23,piezometer
FN385_WCRs1,669117.46,5163945.64,piezometer
FO176_WCRs1,661884.05,5146047.35,piezometer
FO178_WCRs1,657975.07,5142752.37,piezometer
FQ151_WCRs1,677604.1,5134551.12,piezometer
FQ152_WCRs2,681272.98,5130783.12,piezometer
FQ153_WCRs2,678910.72,5132786.68,piezometer
FQ155_WCRs2,677474.93,5131221.75,piezometer
FQ156_WCRs1,678997.57,5130302.71,piezometer
FQ159_WCRs1,686155.94,5136530.38,piezometer
FQ161_WCRs1,686818.28,5138640.23,piezometer
FQ163_WCRs1,680343.21,5133284.42,piezometer
FQ165_WCRs2,681887.31,5136364.87,piezometer
FQ166_WCRs1,700735.35,5139685.47,piezometer
FQ169_WCRs2,676273.79,5134849.4,piezometer
FQ170_WCRs1,677208.88,5134226.84,piezometer
FQ173_WCRs1,675716.21,5134533.86,piezometer
FQ564_WCRs2,685662.82,5127638.57,piezometer
FS802_WCRs1,683917.4,5137821.19,piezometer
FT315_WCRs1,700630.62,5153985.2,piezometer
FT327_WCRs2,691758.19,5148584.68,piezometer
FU871_WCRs1,682337.07,5136209.8,piezometer
FV073_WCRs2,702794.15,5152382.15,piezometer
FW586_WCRs2,696609.74,5158517.65,piezometer
FY509_WCRs2,686404.3,5129011.76,piezometer
FY997_WCRs2,683361.16,5125306.18,piezometer
GD023_WCRs2,666945.8,5139609.57,piezometer
GD039_WCRs1,672298.42,5138494.43,piezometer
GD067_WCRs1,670571.17,5141713.46,piezometer
GD069_WCRs1,659543.92,5154350.41,piezometer
GD070_WCRs2,703686.52,5154653.92,piezometer
GD141_WCRs2,653882.27,5130016.6,piezometer
GD151_WCRs1,650199.54,5151415.4,piezometer
GD152_WCRs1,662463.46,5154052.21,piezometer
GD153_WCRs1,663269.36,5156646.19,piezometer
GD154_WCRs1,662977.07,5149326.48,piezometer
GD155_WCRs1,661562.22,5146018.63,piezometer
GD156_WCRs1,684266,5138638.16,piezometer
GD157_WCRs1,664769.87,5121660.66,piezometer
GD158_WCRs1,655982.06,5142687.69,piezometer
GD510_WCRs1,680751.14,5120496.45,piezometer
GD511_WCRs1,687722.68,5139985.75,piezometer
GD673_WCRs1,665322.37,5122317.49,piezometer
GD674_WCRs1,657861.64,5159553.37,piezometer
GD675_WCRs1,660379.94,5150783.32,piezometer
GD676_WCRs1,660463.7,5151949.8,piezometer
GD677_WCRs1,656887.72,5156356.41,piezometer
GD857_WCRs2,691225.24,5150875.88,piezometer
GD860_WCRs2,670648.35,5139426.16,piezometer
GF879_WCRs1,653025.39,5167362.36,piezometer
GF881_WCRs1,652908.21,5167268.12,piezometer
GL251_WCRs1,663510.49,5155171.98,piezometer
GL253_WCRs1,661072.88,5154921.01,piezometer
GL255_WCRs1,659853.25,5160265.35,piezometer
GL259_WCRs1,660754.96,5160878.52,piezometer
GL508_WCRs1,665376.13,5157544.97,piezometer
GT422_WCRs2,696298.46,5159021.71,piezometer
GT423_WCRs1,696193.39,5159358.98,piezometer
GT432_WCRs2,708646.45,5127489.88,piezometer
GU924_WCRs1,660733.09,5143900.46,piezometer
GU937_WCRs1,660359.21,5160627.4,piezometer
GU940_WCRs1,678575.25,5136418.87,piezometer
GU945_WCRs1,660542.75,5155009.98,piezometer
GZ827_WCRs1,687334.81,5128176.3,piezometer
HC955_WCRs1,682891.91,5121229.88,piezometer
HI921_WCRs2,671756.53,5140480.12,piezometer
HJ463_WCRs1,654049.53,5169681.55,piezometer
HK001_WCRs1,661445.57,5137507.51,piezometer
HK160_WCRs1,708226.49,5128084.66,piezometer
HK226_WCRs2,670934.96,5139139.42,piezometer
HK296_WCRs1,654019.22,5141018.04,piezometer
HK299_WCRs1,650516.16,5151391.88,piezometer
HK300_WCRs1,649796.36,5151437.79,piezometer
HK421_WCRs1,708321.56,5126708.41,piezometer
HO283_WCRs1,681837.61,5137763.13,piezometer
HO284_WCRs1,681858.3,5137758.65,piezometer
HO285_WCRs1,681861.62,5137746.03,piezometer
HO293_WCRs1,681240.69,5135710.23,piezometer
HO294_WCRs1,681266.79,5135769.18,piezometer
HO304_WCRs1,652792.48,5134894.01,piezometer
HP517_WCRs1,658512.04,5173437.1,piezometer
HP528_WCRs1,657800.55,5159385.69,piezometer
HP556_WCRs1,662119.01,5157747.17,piezometer
HP558_WCRs1,667332,5161514.9,piezometer
HP559_WCRs1,664641.96,5155073.49,piezometer
HP560_WCRs1,664657.51,5162951.48,piezometer
HR238_WCRs1,661565.02,5171921.08,piezometer
HV215_WCRs1,655144.87,5160727.75,piezometer
HV216_WCRs1,654294.61,5160554.67,piezometer
HV222_WCRs1,650048.25,5160750.26,piezometer
HV223_WCRs1,652063.72,5160214.27,piezometer
HV224_WCRs1,659185.81,5153841.66,piezometer
HV228_WCRs1,663253.2,5149199.53,piezometer
HV234_WCRs2,669375.43,5138969.81,piezometer
HV240_WCRs1,698441.68,5151707.51,piezometer
HV273_WCRs1,708157.62,5126093.28,piezometer
HV418_WCRs2,672180.66,5131373.39,piezometer
HV433_WCRs1,670512.16,5144734.34,piezometer
HV447_WCRs1,662988.56,5138796.6,piezometer
HV451_WCRs1,667789,5143154.18,piezometer
HX553_WCRs1,654419.12,5151463.25,piezometer
HX566_WCRs1,683080.8,5119365.46,piezometer
HY802_WCRs1,699005.86,5137953.83,piezometer
HY803_WCRs1,681104.07,5125805.54,piezometer
HY804_WCRs1,681683.14,5124929,piezometer
HY805_WCRs1,699560.8,5137944.72,piezometer
HY806_WCRs2,699258.91,5138163.52,piezometer
HY807_WCRs1,684312.25,5136832.25,piezometer
HY808_WCRs1,708168.88,5127949.26,piezometer
HY809_WCRs2,678289.65,5126557.15,piezometer
HY810_WCRs1,681370.68,5125774.06,piezometer
HY811_WCRs1,685421.84,5127886.44,piezometer
HY812_WCRs2,679313.75,5131080.06,piezometer
HY813_WCRs1,705978.49,5139896.84,piezometer
HY819_WCRs1,679701.11,5131893.23,piezometer
HY822_WCRs1,701608.27,5155264.55,piezometer
HY825_WCRs2,685304.47,5141648.56,piezometer
HZ947_WCRs1,653172.75,5168966.49,piezometer
IA326_WCRs1,680592.2,5133746.25,piezometer
IB619_WCRs1,667953.04,5148463.49,piezometer
IB623_WCRs1,659151.23,5155031.19,piezometer
IB648_WCRs1,707581.42,5125958.14,piezometer
IB661_WCRs1,709695.5,5148772.13,piezometer
IB883_WCRs1,650576.71,5144490.35,piezometer
IB887_WCRs1,664784.97,5121987.37,piezometer
IB888_WCRs1,668213.91,5142365.04,piezometer
IB956_WCRs1,665905.72,5148436.79,piezometer
IB980_WCRs1,668953.19,5145540.53,piezometer
IC025_WCRs1,662603.58,5149319.81,piezometer
IC026_WCRs1,667002.83,5156454.8,piezometer
IC708_WCRs1,662302.73,5146524.4,piezometer
IC710_WCRs1,656102.69,5167710.59,piezometer
IC729_WCRs1,658534.51,5158656.83,piezometer
IK591_WCRs1,656359.19,5137812.25,piezometer
IK633_WCRs2,674654.96,5139371.99,piezometer
IQ939_WCRs1,677730.18,5123196.5,piezometer
IQ999_WCRs1,679119.06,5123432.51,piezometer
IW834_WCRs1,678629.62,5123613.01,piezometer
IW910_WCRs1,681194.46,5136541.25,piezometer
JB350_WCRs1,674362.43,5139494.39,piezometer
JB352_WCRs1,659599.52,5160316.88,piezometer
JB353_WCRs1,665203.68,5154020.55,piezometer
JB982_WCRs2,667478.57,5128143.38,piezometer
KK196_WCRs1,709108.12,5151046.46,piezometer
KK198_WCRs1,673812.9,5140939.17,piezometer
KK199_WCRs1,695710.73,5151934.16,piezometer
KK200_WCRs1,708987.25,5152474.68,piezometer
KK201_WCRs1,684776.93,5128689.66,piezometer
KK203_WCRs1,698508.15,5151798.37,piezometer
KK209_WCRs1,708143.86,5127963.06,piezometer
KK210_WCRs1,708122.28,5127952.31,piezometer
KK211_WCRs1,708912.07,5151631.62,piezometer
KK214_WCRs1,710377.79,5151779.46,piezometer
KK216_WCRs2,710031.72,5151540.39,piezometer
KK219_WCRs2,672266.44,5131098.45,piezometer
KK220_WCRs1,681376.69,5126709.29,piezometer
KK224_WCRs1,660540.66,5158916.89,piezometer
KK232_WCRs1,656334.49,5167446.25,piezometer
KL106_WCRs1,686331.69,5118890.82,piezometer
KL109_WCRs1,669675.34,5163832.26,piezometer
KL111_WCRs1,677078.96,5163300.15,piezometer
KL115_WCRs1,683980.45,5157831.15,piezometer
KL116_WCRs1,684143.36,5158192.96,piezometer
KL134_WCRs1,651133.74,5136938.12,piezometer
KL142_WCRs2,653740.28,5172438.46,piezometer
KN062_WCRs1,679075.97,5136540.28,piezometer
KN135_WCRs1,682952.61,5119343.93,piezometer
KN136_WCRs1,653801.13,5141499.16,piezometer
KN137_WCRs1,655905.9,5153083.17,piezometer
KN146_WCRs1,664769.03,5122642.92,piezometer
KN262_WCRs1,678726.37,5118316.56,piezometer
KN274_WCRs1,662121.91,5139556.8,piezometer
KN275_WCRs1,662071.03,5140416.1,piezometer
KN276_WCRs1,678972.82,5136816.96,piezometer
KN304_WCRs1,692314.98,5151940.65,piezometer
KN405_WCRs1,654030.12,5141403.39,piezometer
KN691_WCRs1,653988.2,5153001.24,piezometer
KN697_WCRs1,664756.48,5138747.6,piezometer
KN903_WCRs1,696457.24,5159408.79,piezometer
KN905_WCRs2,685252.77,5141902.96,piezometer
KN909_WCRs1,694982.56,5151518.93,piezometer
KN910_WCRs1,697361.98,5152725.91,piezometer
KN912_WCRs1,696179.26,5159367.08,piezometer
KN913_WCRs2,700279.87,5142524.31,piezometer
KN914_WCRs1,710140.35,5152089.69,piezometer
KN916_WCRs2,699266.5,5149954.2,piezometer
KN918_WCRs1,708541.98,5149301.3,piezometer
KP821_WCRs2,653332.93,5172201,piezometer
KP830_WCRs1,678013,5123304.61,piezometer
KR252_WCRs1,674178.81,5136581.17,piezometer
KT006_WCRs1,653762.19,5174186.94,piezometer
KT022_WCRs1,659684.25,5159820.32,piezometer
KT024_WCRs2,663679.18,5172678.6,piezometer
KT025_WCRs1,658566.89,5176439.44,piezometer
KT026_WCRs1,659702.98,5140220.62,piezometer
KT027_WCRs1,659632.12,5151564.59,piezometer
KT028_WCRs1,659409.75,5160725.02,piezometer
KT030_WCRs1,659102.16,5165856.37,piezometer
KT031_WCRs1,653312.9,5158758.79,piezometer
KT033_WCRs1,660592.13,5158020.15,piezometer
KT034_WCRs2,663721.47,5172767.62,piezometer
KT038_WCRs1,660918.33,5158098.93,piezometer
KT039_WCRs1,660403.61,5156362.98,piezometer
KT041_WCRs1,660914.99,5154130.45,piezometer
KT043_WCRs1,661739.66,5173417.94,piezometer
KT044_WCRs1,662227.81,5158499.22,piezometer
KT045_WCRs1,661735.16,5172314.2,piezometer
KT046_WCRs1,659931.87,5159312.86,piezometer
KT047_WCRs1,662320.51,5155046.95,piezometer
KT048_WCRs1,692619.99,5153438.7,piezometer
KT050_WCRs2,650705.66,5163418.42,piezometer
KT053_WCRs1,677891.66,5137384.42,piezometer
KT055_WCRs1,669224.66,5165729.38,piezometer
KT056_WCRs1,669960.11,5166306.72,piezometer
KV410_WCRs1,650748.87,5176811.08,piezometer
LA486_WCRs1,652260.68,5132246.64,piezometer
LA495_WCRs1,658391.99,5148355.87,piezometer
LA497_WCRs1,656747.1,5150485.88,piezometer
LA499_WCRs1,654910.07,5153389,piezometer
LA607_WCRs1,699966.29,5130074.76,piezometer
LA714_WCRs1,653887.59,5160259.89,piezometer
LB003_WCRs1,661354.39,5144036.27,piezometer
LB005_WCRs1,656575.81,5135647.49,piezometer
LB013_WCRs1,664973.81,5159349.44,piezometer
LB390_WCRs1,660365.09,5148545.57,piezometer
LB396_WCRs1,656829.59,5135994.58,piezometer
LB398_WCRs1,654029.52,5139369.48,piezometer
LB400_WCRs1,656903.36,5141976.48,piezometer
LB405_WCRs1,657556.09,5151541.14,piezometer
LB406_WCRs1,664710.86,5122475.82,piezometer
LB757_WCRs1,654094.26,5166853.05,piezometer
LB761_WCRs1,664819.51,5122813.67,piezometer
LB763_WCRs1,654059.62,5163519.25,piezometer
LB768_WCRs1,660833.75,5144123.28,piezometer
LC403_WCRs1,650754.64,5168448.37,piezometer
LC408_WCRs1,653183.48,5161648.41,piezometer
LC410_WCRs1,652784.12,5161104.51,piezometer
LC411_WCRs2,656276.69,5154779.02,piezometer
LC741_WCRs1,665290.1,5155967.1,piezometer
LC903_WCRs2,709711.9,5148284.06,piezometer
LC904_WCRs1,701888.93,5155219.6,piezometer
LC915_WCRs2,681687.22,5133187.57,piezometer
LC916_WCRs1,682658.2,5121061.01,piezometer
LC948_WCRs1,662734.08,5155148.31,piezometer
LC951_WCRs2,664798.52,5151762.35,piezometer
LC956_WCRs1,664908.27,5151174.64,piezometer
LC960_WCRs1,650344.72,5136915.24,piezometer
LD208_WCRs2,683330.6,5131865.54,piezometer
LD391_WCRs1,660097.24,5140058.79,piezometer
LD400_WCRs1,654050.32,5158968.11,piezometer
LD822_WCRs1,655144.87,5160727.75,piezometer
LD828_WCRs1,657861.64,5159553.37,piezometer
LD829_WCRs1,665228.53,5156172.15,piezometer
LD838_WCRs1,665777.09,5146703.27,piezometer
LE366_WCRs1,670590.08,5138970.13,piezometer
LE369_WCRs2,654333.52,5135138.98,piezometer
LE372_WCRs1,655605.78,5163058.1,piezometer
LE373_WCRs1,656443.9,5134987.97,piezometer
LE379_WCRs1,666073.86,5158132.29,piezometer
LE381_WCRs1,669803.99,5145496.93,piezometer
LE385_WCRs1,658974.43,5166017.33,piezometer
LE386_WCRs1,653186.64,5152980.03,piezometer
LE659_WCRs1,677563.25,5135448.14,piezometer
LE690_WCRs1,708179.32,5125929.3,piezometer
LE853_WCRs2,660989.69,5148727.29,piezometer
LE859_WCRs2,656153.36,5138263.97,piezometer
LE866_WCRs1,649641.94,5151160.28,piezometer
LF379_WCRs1,672082.03,5139967.68,piezometer
LF570_WCRs1,689974.97,5144295.31,piezometer
LF571_WCRs1,690077.66,5144434,piezometer
LF597_WCRs1,661159.89,5172235.25,piezometer
LF878_WCRs2,708408.39,5149539.6,piezometer
LF890_WCRs2,701442.63,5151915.3,piezometer
LF891_WCRs1,698625.7,5151198.95,piezometer
LF909_WCRs1,661863.9,5173348.82,piezometer
LH527_WCRs2,666290.78,5139492.02,piezometer
LH532_WCRs1,662147.46,5153833.71,piezometer
LH559_WCRs1,658793.82,5156060.05,piezometer
LH571_WCRs1,672298.42,5138494.43,piezometer
LH573_WCRs1,674203.65,5139528.65,piezometer
LL409_WCRs1,666463.48,5164697.39,piezometer
LL440_WCRs1,662180.95,5138570.15,piezometer
LN660_WCRs2,656852.13,5166221.96,piezometer
LV304_WCRs1,659333.89,5133644.24,piezometer
LV307_WCRs1,681338.61,5127574.51,piezometer
LV323_WCRs1,678571.23,5127911.36,piezometer
LV324_WCRs1,671474.43,5139272.66,piezometer
LV325_WCRs1,651270.03,5167181.08,piezometer
LX238_WCRs1,670454.11,5161648.05,piezometer
LX239_WCRs1,683882.83,5157956.78,piezometer
LX261_WCRs1,664471.2,5162539.15,piezometer
LX262_WCRs2,703207.8,5152299.87,piezometer
LZ052_WCRs1,677904.1,5135922.54,piezometer
LZ054_WCRs1,660848.39,5154066.3,piezometer
LZ056_WCRs1,673107.73,5138794.91,piezometer
LZ058_WCRs1,679562.71,5136323.46,piezometer
LZ059_WCRs1,673937.64,5136943.03,piezometer
LZ060_WCRs1,673937.64,5136943.03,piezometer
LZ061_WCRs1,673937.64,5136943.03,piezometer
LZ062_WCRs1,672748.32,5136910.75,piezometer
LZ069_WCRs2,654462.64,5172308.53,piezometer
MB603_WCRs1,660159.98,5160126.43,piezometer
MB618_WCRs1,660581.08,5153616.17,piezometer
MB626_WCRs1,650757.54,5176016.82,piezometer
MB629_WCRs1,660613.86,5155673.97,piezometer
MB630_WCRs1,678191.09,5140290.68,piezometer
MD362_WCRs2,657310,5170565.87,piezometer
MD364_WCRs1,676107.19,5161046.44,piezometer
MD371_WCRs1,660606.02,5155868.53,piezometer
MD376_WCRs2,653626.05,5173190.07,piezometer
MD393_WCRs1,672141.15,5163939.84,piezometer
MD716_WCRs1,658104.07,5168166.6,piezometer
MD722_WCRs1,663921.68,5173481.06,piezometer
MD729_WCRs1,649625.24,5155746.53,piezometer
MD737_WCRs2,662157.66,5177046.3,piezometer
MF501_WCRs1,660115.3,5160131.09,piezometer
MF516_WCRs1,668495.08,5148119.03,piezometer
MF524_WCRs1,672560.58,5139954.59,piezometer
MF525_WCRs1,667802.4,5142752.27,piezometer
MF549_WCRs1,663413.87,5160776.79,piezometer
MF965_WCRs1,672044.39,5161517.17,piezometer
MK301_WCRs1,672084.97,5136518.91,piezometer
MN758_WCRs1,671712.61,5141033.65,piezometer
MN759_WCRs1,678122.92,5139880.55,piezometer
MN760_WCRs1,664756.78,5124322.75,piezometer
MP905_WCRs1,700314.27,5152453.28,piezometer
MP908_WCRs2,679115.26,5136002.69,piezometer
MP910_WCRs1,690891.53,5147209.27,piezometer
MP915_WCRs1,669184.84,5135201.73,piezometer
MP916_WCRs1,706361.83,5150591.44,piezometer
MP922_WCRs1,708666.3,5153501.17,piezometer
MP925_WCRs1,698492.36,5151607.71,piezometer
MP932_WCRs1,694861.93,5152644.45,piezometer
MP934_WCRs1,707688.27,5126748.74,piezometer
MP940_WCRs2,688203.98,5144590.43,piezometer
MP942_WCRs1,698942.88,5147816.74,piezometer
MP943_WCRs1,708034.53,5153729.88,piezometer
MP944_WCRs2,696076.52,5159110.85,piezometer
MP945_WCRs1,698034.04,5152798.62,piezometer
MP946_WCRs1,696861.6,5150969.74,piezometer
MP948_WCRs2,679249.3,5132914.16,piezometer
MP949_WCRs1,675976.89,5126454.21,piezometer
MP966_WCRs1,692643.74,5152365.09,piezometer
MP968_WCRs1,706030.44,5140562.29,piezometer
MQ477_WCRs1,685148.68,5138536.73,piezometer
MQ482_WCRs2,678386.03,5135073.78,piezometer
MV912_WCRs1,686608.07,5129055.23,piezometer
MW912_WCRs1,659632.1,5159301.33,piezometer
MW913_WCRs2,650757.54,5176016.82,piezometer
MW920_WCRs1,673642.19,5139323.44,piezometer
MW937_WCRs1,660868.82,5149246.78,piezometer
MZ691_WCRs1,696668.96,5157557.29,piezometer
MZ694_WCRs1,683618.05,5140909.32,piezometer
MZ698_WCRs1,696362.5,5151986.94,piezometer
MZ699_WCRs2,686323.12,5128710.69,piezometer
NA011_WCRs1,693027.75,5154237.8,piezometer
NA012_WCRs1,662645.64,5172019.57,piezometer
NA016_WCRs1,658255.87,5167504.84,piezometer
NB554_WCRs2,658667.71,5172162.57,piezometer
NB556_WCRs1,671865.35,5163899.77,piezometer
NB557_WCRs1,691218.64,5153667.98,piezometer
NB560_WCRs1,659053.99,5155254.99,piezometer
NB561_WCRs2,657222.15,5136853.88,piezometer
NB565_WCRs1,652237.82,5158209.09,piezometer
NB566_WCRs1,683716.6,5164024.01,piezometer
NB572_WCRs1,672724.31,5164707.76,piezometer
NB573_WCRs1,662412.96,5156441.73,piezometer
NB575_WCRs1,652925.44,5173687.64,piezometer
NB576_WCRs1,665505.86,5151982.22,piezometer
NB579_WCRs1,662125.46,5154365.58,piezometer
NB580_WCRs1,664453.1,5156900.05,piezometer
NB586_WCRs1,684754.51,5157469.68,piezometer
NB587_WCRs1,671728.98,5163873.12,piezometer
NB588_WCRs1,662709.24,5171779.43,piezometer
NB589_WCRs1,667294.24,5159730.62,piezometer
NB590_WCRs1,670180.48,5161223.95,piezometer
NB591_WCRs1,661044.66,5173599.85,piezometer
NB594_WCRs1,686001.99,5156354.11,piezometer
NC358_WCRs1,652365.95,5156234.31,piezometer
NC966_WCRs2,658278.79,5129444.49,piezometer
NC975_WCRs1,657050.33,5171683.39,piezometer
NC982_WCRs1,673778.93,5142470.08,piezometer
NC990_WCRs2,666460.4,5138956.44,piezometer
NC992_WCRs2,683615.81,5138002.74,piezometer
ND204_WCRs1,665498.12,5155715.03,piezometer
NE247_WCRs1,656695.4,5135762.2,piezometer
NE249_WCRs1,657449.31,5156023.8,piezometer
NE250_WCRs1,660086.24,5149919.23,piezometer
NE252_WCRs1,664673.65,5156395.05,piezometer
NE253_WCRs1,662438.27,5154260.58,piezometer
NE258_WCRs1,649971.24,5136940.56,piezometer
NE261_WCRs1,664798.98,5143711.34,piezometer
NE432_WCRs1,707089.63,5126632.16,piezometer
NE436_WCRs1,710377.79,5151779.46,piezometer
NE440_WCRs1,691201.49,5151942.69,piezometer
NE446_WCRs1,681203.72,5126681.29,piezometer
NE447_WCRs1,681057.45,5126774.02,piezometer
NE449_WCRs1,705003.64,5154306.77,piezometer
NE452_WCRs1,680537.89,5140375.9,piezometer
NE503_WCRs1,667622.84,5141015.72,piezometer
NE504_WCRs1,654705,5161546.92,piezometer
NE514_WCRs1,665070.07,5154343.59,piezometer
NE515_WCRs1,649984.66,5136821.14,piezometer
NE786_WCRs1,660669.29,5150240.87,piezometer
NE790_WCRs1,650361.35,5158648.95,piezometer
NG185_WCRs1,682357.77,5132192.31,piezometer
NK912_WCRs1,650554.38,5163304.23,piezometer
NK924_WCRs1,670290.6,5136303.7,piezometer
NL866_WCRs1,656346.76,5133541.89,piezometer
NL867_WCRs1,662195.33,5157122.92,piezometer
NL881_WCRs2,653084.09,5138558.27,piezometer
NL892_WCRs1,665768.56,5139874.39,piezometer
NL893_WCRs2,680121.71,5134375.23,piezometer
NN989_WCRs1,665353.42,5141288.44,piezometer
NN992_WCRs1,660803.54,5161225.37,piezometer
NN997_WCRs2,669036.96,5138092.82,piezometer
NR060_WCRs1,707894.58,5125455.08,piezometer
NR064_WCRs1,708041.68,5125621.19,piezometer
NS131_WCRs1,658399.75,5148352.7,piezometer
NS132_WCRs1,656733.02,5135820.02,piezometer
NS136_WCRs1,656123.48,5147474.95,piezometer
NS147_WCRs1,656690.55,5134296.61,piezometer
NS149_WCRs1,650962.63,5134728.6,piezometer
NS583_WCRs1,707503.74,5125450.36,piezometer
NT491_WCRs1,672087.77,5143706.52,piezometer
NT492_WCRs1,660467.23,5155674.7,piezometer
NT709_WCRs1,657639.54,5154810.81,piezometer
NT715_WCRs1,666665.56,5160082.01,piezometer
NT723_WCRs1,660277.88,5155571.64,piezometer
NU591_WCRs1,660950.51,5158942.89,piezometer
NX535_WCRs2,657550.66,5147254.3,piezometer
NX563_WCRs1,659251.29,5171959.63,piezometer
NX577_WCRs1,659270.79,5166987.1,piezometer
NY159_WCRs1,708281.97,5126262.91,piezometer
OC733_WCRs1,674392.45,5142127.3,piezometer
OC736_WCRs1,669271.93,5143520.85,piezometer
OC771_WCRs2,670285.88,5131794.2,piezometer
OF202_WCRs1,655489.72,5159246.81,piezometer
OF230_WCRs2,673285.05,5139404.45,piezometer
OF250_WCRs2,686099.1,5127817.4,piezometer
OF264_WCRs1,651429.2,5166621.4,piezometer
OF267_WCRs2,668886.06,5137844.16,piezometer
OF285_WCRs2,669493.71,5143949.24,piezometer
OF286_WCRs1,662697.1,5150006.31,piezometer
OI865_WCRs1,649600,5166807.25,piezometer
OJ052_WCRs2,665726.68,5130086.85,piezometer
OJ056_WCRs1,655511.5,5160825.68,piezometer
OJ061_WCRs1,659071.66,5157240.54,piezometer
OJ062_WCRs1,665899.1,5158184.8,piezometer
OJ332_WCRs1,698696.96,5155658.87,piezometer
OJ402_WCRs1,656443.9,5134987.97,piezometer
OJ411_WCRs1,649679.4,5136810.64,piezometer
OJ416_WCRs1,649679.4,5136810.64,piezometer
OK138_WCRs2,689683.58,5129246.38,piezometer
OK693_WCRs2,660305.86,5148004.03,piezometer
OK695_WCRs2,656073.46,5158667.85,piezometer
OK706_WCRs1,653382.98,5161764.59,piezometer
OK711_WCRs1,656498.85,5133236.48,piezometer
OM240_WCRs1,665632.56,5150572.26,piezometer
OM484_WCRs1,659850.35,5174728.61,piezometer
OM493_WCRs1,658089.44,5147467.92,piezometer
OO387_WCRs1,707905.01,5124680.9,piezometer
OP610_WCRs1,674353.46,5138371.86,piezometer
OP625_WCRs1,691109.23,5151842.16,piezometer
OP643_WCRs1,674501.56,5139227.52,piezometer
OQ069_WCRs1,693128.02,5151867.21,piezometer
OR410_WCRs2,676342.67,5136080.5,piezometer
OR449_WCRs1,651313.96,5171791.24,piezometer
OS506_WCRs1,669098.46,5142123.39,piezometer
OS544_WCRs2,678380.28,5136318.09,piezometer
OS547_WCRs1,649571.87,5143823.81,piezometer
OU343_WCRs1,671195.34,5132863.99,piezometer
OU345_WCRs2,673144.77,5136921.53,piezometer
PS056_WCRs1,676304.42,5123037.84,piezometer
QJ580_WCRs1,678130.81,5141439.65,piezometer
QJ611_WCRs1,665475.75,5151192.95,piezometer
QJ612_WCRs1,669767.59,5143629.83,piezometer
QK912_WCRs1,706852.09,5140681.37,piezometer
QL686_WCRs1,668455.71,5143308.85,piezometer
QL880_WCRs1,665766.2,5152093.82,piezometer
QL883_WCRs1,665579.99,5140248.49,piezometer
QL887_WCRs1,662695.53,5156412.57,piezometer
QL888_WCRs1,654061.75,5161917.44,piezometer
QN859_WCRs1,652310.36,5175078.41,piezometer
QN866_WCRs2,652586.27,5159427.15,piezometer
QO106_WCRs1,664772.95,5122691.11,piezometer
QO108_WCRs1,684180.25,5139811.4,piezometer
QO110_WCRs1,679013.19,5138820.71,piezometer
QO112_WCRs1,684549.93,5139558.41,piezometer
QO113_WCRs1,683849.41,5138021.84,piezometer
QO115_WCRs1,684215.15,5136003.12,piezometer
QO117_WCRs1,668107.96,5148131.96,piezometer
QO121_WCRs1,668526.8,5148503.15,piezometer
QO123_WCRs1,677118.04,5139463.87,piezometer
QO125_WCRs1,665439.67,5151027.37,piezometer
QQ585_WCRs2,655291.44,5162337.44,piezometer
QQ597_WCRs1,662316.57,5152398.41,piezometer
QS051_WCRs1,700846.65,5154352.6,piezometer
QS053_WCRs1,689917.77,5149092.02,piezometer
QS058_WCRs1,699888.05,5151897.95,piezometer
QS062_WCRs1,699478.84,5147278.44,piezometer
QS064_WCRs1,707454.2,5126797.29,piezometer
QS065_WCRs1,709705.81,5149513.69,piezometer
QS067_WCRs2,708488.29,5128022.39,piezometer
QS071_WCRs1,699605.16,5137948.52,piezometer
QS072_WCRs1,680293.83,5133488.69,piezometer
QS073_WCRs1,680440.87,5133586.11,piezometer
QS074_WCRs1,686929.66,5138744.59,piezometer
QS076_WCRs2,699261.12,5142861.38,piezometer
QS077_WCRs1,685386.72,5127949.18,piezometer
QS079_WCRs1,676824.02,5132861.16,piezometer
QS081_WCRs1,698431.61,5155281.4,piezometer
QS082_WCRs1,698278.11,5151811.77,piezometer
QW377_WCRs1,655462.88,5133039.43,piezometer
QX269_WCRs1,664879.54,5143796.77,piezometer
QX271_WCRs2,672230.83,5131425.19,piezometer
QX272_WCRs1,655884.03,5133428.55,piezometer
QX273_WCRs1,667280.15,5161292.11,piezometer
QX276_WCRs1,655846.53,5158819.42,piezometer
QX278_WCRs1,650189.89,5151444.9,piezometer
QX281_WCRs1,665707.69,5161370.44,piezometer
QX282_WCRs1,665870.92,5140658.96,piezometer
QX285_WCRs1,662299.85,5153288.08,piezometer
QX288_WCRs1,661382.56,5149942.61,piezometer
QX291_WCRs1,657305.2,5154039.37,piezometer
QX301_WCRs1,685170.02,5139109.17,piezometer
QX302_WCRs1,677974.48,5121593.58,piezometer
QX631_WCRs1,661499.15,5154478.78,piezometer
QX655_WCRs1,653775.41,5140783.75,piezometer
QY265_WCRs1,657954.81,5151600.26,piezometer
QY271_WCRs1,669745.7,5134973.19,piezometer
QY275_WCRs1,669359.52,5161091.01,piezometer
QY276_WCRs1,685159.52,5138271.1,piezometer
RA726_WCRs1,649881.99,5143959.57,piezometer
RA782_WCRs1,654590.93,5163004.07,piezometer
RA785_WCRs1,658713.6,5155560.9,piezometer
RA808_WCRs1,666215.44,5164415.5,piezometer
RA809_WCRs1,666488.85,5156738.61,piezometer
RA810_WCRs1,676158.7,5160712.02,piezometer
RA813_WCRs1,661873.18,5154508.55,piezometer
RA817_WCRs1,655983.1,5155151.98,piezometer
RA818_WCRs1,663221.02,5156471.21,piezometer
RA820_WCRs1,658969.49,5158943.36,piezometer
RA822_WCRs1,662131.35,5154795.51,piezometer
RA825_WCRs1,673597.73,5165346.63,piezometer
RA827_WCRs1,668389.24,5165393.58,piezometer
RA832_WCRs1,655805.34,5162937.41,piezometer
RA835_WCRs1,656518.19,5147618.57,piezometer
RA836_WCRs1,661120.29,5158726.88,piezometer
RA837_WCRs1,659733.1,5151296.88,piezometer
RA838_WCRs1,662117.05,5153493.22,piezometer
RA839_WCRs1,664145.86,5156663.5,piezometer
RA840_WCRs1,665061.6,5161498.89,piezometer
RA842_WCRs1,659892.69,5174237.56,piezometer
RA843_WCRs1,667207.06,5165053.96,piezometer
RA845_WCRs1,658512.04,5173437.1,piezometer
RA849_WCRs1,697453.57,5158326.94,piezometer
RA851_WCRs1,654751.33,5166001.88,piezometer
RA855_WCRs1,697816.12,5158497.52,piezometer
RA856_WCRs1,668484.99,5160677.48,piezometer
RA859_WCRs1,649710.24,5158751.98,piezometer
RA861_WCRs1,653748.39,5175654.95,piezometer
RA862_WCRs2,658049.25,5135879.33,piezometer
RA865_WCRs1,654397.73,5154080.89,piezometer
RA867_WCRs1,687391.16,5128227.11,piezometer
RA868_WCRs1,656534.25,5138100.84,piezometer
RA870_WCRs1,654322.03,5140297.21,piezometer
RA871_WCRs1,654416.23,5152094.16,piezometer
RA878_WCRs1,657660.15,5167750.63,piezometer
RA880_WCRs2,656996.63,5175691.83,piezometer
RA881_WCRs2,656877.33,5175089.8,piezometer
RA882_WCRs1,671687.46,5163073.04,piezometer
RA884_WCRs1,658489.19,5159879.44,piezometer
RA887_WCRs1,655275,5167444.36,piezometer
RA888_WCRs1,653355.42,5161997.56,piezometer
RA891_WCRs2,655559.96,5175337.52,piezometer
RA893_WCRs2,659294.24,5167094.17,piezometer
RA895_WCRs1,656487.15,5159801.41,piezometer
RA897_WCRs1,661056.39,5174347.8,piezometer
RA898_WCRs1,660945.29,5152046.62,piezometer
RB966_WCRs1,662111.25,5176996.83,piezometer
RB987_WCRs1,676680.38,5138175.97,piezometer
RC701_WCRs1,671283.54,5120110.6,piezometer
RD990_WCRs1,662389.43,5138547.65,piezometer
RD993_WCRs1,667879.64,5143222.24,piezometer
RE336_WCRs1,655567.46,5132941.2,piezometer
RE341_WCRs1,654529.71,5145104.1,piezometer
RE342_WCRs1,654222.24,5146057.42,piezometer
RE347_WCRs1,657330.86,5153647.63,piezometer
RE351_WCRs1,656170.06,5162912.05,piezometer
RE354_WCRs1,664675.55,5156792.91,piezometer
RE357_WCRs1,662417.95,5140389,piezometer
RE359_WCRs2,651352.79,5145591.28,piezometer
RE360_WCRs1,655295.19,5142727.78,piezometer
RF971_WCRs1,665298.26,5161362.49,piezometer
RF972_WCRs1,679243.66,5139068.16,piezometer
RF980_WCRs1,679083.91,5138875.77,piezometer
RF988_WCRs1,667196.49,5141581.96,piezometer
RG025_WCRs2,684720.37,5135897.53,piezometer
RG085_WCRs2,651145.78,5176192.08,piezometer
RG096_WCRs1,656465.71,5166190.29,piezometer
RG097_WCRs1,658580.35,5166025.15,piezometer
RG098_WCRs1,658213.24,5164960.44,piezometer
RH390_WCRs1,656750.39,5163108.07,piezometer
RH721_WCRs1,677804.54,5121624.7,piezometer
RH723_WCRs1,678447.15,5121600.58,piezometer
RK298_WCRs1,668569.19,5142360.85,piezometer
RM154_WCRs1,665315.8,5122202.69,piezometer
RN873_WCRs1,708193.19,5126202.75,piezometer
RP932_WCRs1,665298.08,5139997.44,piezometer
RP945_WCRs1,664728.67,5161613.01,piezometer
RQ011_WCRs1,660048.14,5172255.3,piezometer
RR252_WCRs2,709989.83,5148780.87,piezometer
RR263_WCRs1,705247.4,5149441.47,piezometer
RR269_WCRs1,699360.4,5138365.4,piezometer
RR270_WCRs1,685073.49,5135889.54,piezometer
RR273_WCRs1,707453.06,5126564.85,piezometer
RR274_WCRs1,707382.43,5126625.18,piezometer
RU057_WCRs1,671719.41,5131299.76,piezometer
RU064_WCRs1,657917.84,5144615.92,piezometer
RU070_WCRs1,666324.52,5161601.66,piezometer
RU477_WCRs1,687914.27,5144125.75,piezometer
RV604_WCRs1,665485.07,5150890.49,piezometer
RV608_WCRs1,657922.49,5157789.24,piezometer
SA053_WCRs1,651628.72,5173740.34,piezometer
SC702_WCRs1,664280.93,5142791.92,piezometer
SE076_WCRs1,674515.43,5139340.25,piezometer
SE094_WCRs1,654819.72,5145839,piezometer
SE095_WCRs1,654935.37,5144831.71,piezometer
SE098_WCRs1,674515.43,5139340.25,piezometer
SH001_WCRs1,665139.51,5151627.49,piezometer
SH030_WCRs1,661863.29,5140219.82,piezometer
SH077_WCRs1,666915.42,5142007.66,piezometer
SH079_WCRs1,667161.43,5141946.02,piezometer
SH080_WCRs1,667088.62,5141910.41,piezometer
SH081_WCRs1,667623.44,5144943.11,piezometer
SH084_WCRs1,667747.99,5141651.05,piezometer
SK201_WCRs1,685090.54,5127991.31,piezometer
SK227_WCRs1,658628.65,5166876.56,piezometer
SK245_WCRs1,659855.49,5137239.46,piezometer
SK282_WCRs1,661453.19,5176403.92,piezometer
SK291_WCRs1,655849.93,5152286.83,piezometer
SK295_WCRs1,666322.37,5141354.51,piezometer
SL214_WCRs1,658537.48,5148380.18,piezometer
SL223_WCRs1,662550.04,5146707.27,piezometer
SL225_WCRs1,664774.92,5121889.71,piezometer
SL226_WCRs1,651149.69,5145337.93,piezometer
SL227_WCRs2,651149.69,5145337.93,piezometer
SL246_WCRs1,655300.96,5135197.28,piezometer
SL247_WCRs1,655668.83,5133353.6,piezometer
SL501_WCRs1,698024.01,5150955.1,piezometer
SL504_WCRs1,698914.94,5153126.03,piezometer
SL506_WCRs1,708219.27,5126181.26,piezometer
SL507_WCRs2,681432.67,5132431.45,piezometer
SL510_WCRs2,680301.37,5141035.63,piezometer
SL530_WCRs1,684898.15,5139293.54,piezometer
SL535_WCRs1,705248.97,5153995.94,piezometer
SL539_WCRs1,699508.69,5137999.38,piezometer
SL540_WCRs1,707481.46,5125346.21,piezometer
SL542_WCRs1,708313.24,5126676.31,piezometer
SL543_WCRs1,708254.74,5126340.8,piezometer
SL544_WCRs1,707689.71,5125667.89,piezometer
SL549_WCRs1,669964.63,5131763.15,piezometer
SM912_WCRs1,679970.06,5131135.17,piezometer
SM913_WCRs1,683732.28,5125166.74,piezometer
SO720_WCRs1,665870.98,5140294.24,piezometer
SR629_WCRs1,685197.14,5137817.27,piezometer
SR638_WCRs1,657432.05,5168406.15,piezometer
SR640_WCRs1,671081.97,5135529.44,piezometer
SS546_WCRs1,665176.64,5121554.68,piezometer
SS634_WCRs1,666978.43,5143125.59,piezometer
SS636_WCRs1,660864.77,5151840.45,piezometer
SS638_WCRs1,655819.45,5163063.52,piezometer
SS651_WCRs1,660001.16,5147321.73,piezometer
SS654_WCRs1,652805.03,5153653.73,piezometer
SS655_WCRs1,656241.33,5142880.5,piezometer
SS664_WCRs1,655445.91,5142280.1,piezometer
SS670_WCRs1,657322.94,5166544.42,piezometer
SS671_WCRs1,655598.6,5153039.63,piezometer
SW057_WCRs1,653108.47,5166890.92,piezometer
SW341_WCRs1,665377.78,5150870.26,piezometer
SW349_WCRs1,666588.76,5141917.29,piezometer
SZ371_WCRs1,654284.94,5169136.44,piezometer
TA607_WCRs1,669413.8,5143271.48,piezometer
TA621_WCRs1,669113.59,5142945.46,piezometer
TA622_WCRs1,666588.76,5141917.29,piezometer
TB505_WCRs1,666680.17,5161055.84,piezometer
TB508_WCRs1,660852.92,5151840,piezometer
TB517_WCRs1,659895.29,5157281.31,piezometer
TB518_WCRs1,667042.86,5155526.73,piezometer
TB522_WCRs1,666204.92,5140068.2,piezometer
TB523_WCRs1,664400.75,5156114.89,piezometer
TB528_WCRs1,660006.37,5159223.93,piezometer
TB530_WCRs2,652624.3,5153331.53,piezometer
TB531_WCRs1,657166.43,5167610.66,piezometer
TB534_WCRs2,654122.01,5176526.86,piezometer
TB535_WCRs2,651578.04,5176118.83,piezometer
TB536_WCRs1,661143.29,5154399.48,piezometer
TB537_WCRs1,660414.39,5173312.08,piezometer
TB540_WCRs1,653997.37,5151446.46,piezometer
TB792_WCRs1,661720.58,5157448.03,piezometer
TB800_WCRs1,655610.61,5132993.12,piezometer
TB901_WCRs2,651377.19,5144987.82,piezometer
TB916_WCRs1,664506.34,5158452.34,piezometer
TC313_WCRs1,679327.63,5120906.21,piezometer
TC949_WCRs1,699268.86,5137976.73,piezometer
TF108_WCRs1,671555.67,5163726.76,piezometer
TF109_WCRs1,669089.36,5163969.32,piezometer
TF112_WCRs1,662830.3,5173192.81,piezometer
TF113_WCRs2,687574.42,5155470.4,piezometer
TF114_WCRs1,672842.58,5164584.32,piezometer
TF702_WCRs1,656416.62,5151590.29,piezometer
TF740_WCRs1,653297.98,5158662.13,piezometer
TF741_WCRs1,652680.8,5155781.25,piezometer
TF756_WCRs1,659108.23,5144372.48,piezometer
TF761_WCRs2,657542.39,5137839.98,piezometer
TF767_WCRs2,659129.87,5140075.19,piezometer
TF775_WCRs1,662184.51,5156504.82,piezometer
TF777_WCRs1,664899.23,5161999.2,piezometer
TF778_WCRs1,661050.41,5142161.61,piezometer
TF783_WCRs1,662163.1,5146997.54,piezometer
TF786_WCRs2,655748.38,5133003.37,piezometer
TI162_WCRs1,667701.57,5143189.79,piezometer
TI187_WCRs1,665726.23,5148474.63,piezometer
TI188_WCRs1,665709.36,5148395.86,piezometer
TI190_WCRs1,665024.47,5148368.94,piezometer
TI352_WCRs1,672798.96,5164741.03,piezometer
TK357_WCRs2,651507.29,5175971.07,piezometer
TK360_WCRs2,662720.81,5176363.91,piezometer
TK361_WCRs2,664030.51,5173949.62,piezometer
TK363_WCRs1,663305.13,5173512.91,piezometer
TK364_WCRs1,663050.19,5175718.15,piezometer
TK365_WCRs1,660128.87,5159326.65,piezometer
TK374_WCRs2,651482.05,5173333.63,piezometer
TK375_WCRs1,656114.85,5133591.9,piezometer
TK377_WCRs1,655921.82,5150617.99,piezometer
TK378_WCRs1,656114.36,5170743,piezometer
TK381_WCRs1,658058.63,5166824.44,piezometer
TK382_WCRs1,652277.34,5173722.56,piezometer
TK384_WCRs1,662663.05,5154242.03,piezometer
TK385_WCRs1,651591.73,5171040.97,piezometer
TK386_WCRs2,654540.42,5143065.63,piezometer
TK389_WCRs1,649722.93,5142142.47,piezometer
TK395_WCRs1,657836.22,5169741.45,piezometer
TK396_WCRs2,652623.32,5159852.11,piezometer
TK400_WCRs1,662189.02,5152262.32,piezometer
TN759_WCRs2,657986.03,5143213.36,piezometer
TN761_WCRs1,668512.52,5142241.9,piezometer
TN762_WCRs1,666925.84,5142426.04,piezometer
TN764_WCRs1,663396.03,5149645.96,piezometer
TO442_WCRs1,664804.53,5122398.12,piezometer
TO460_WCRs1,678872.33,5123395.71,piezometer
TO986_WCRs1,699340.42,5138789.04,piezometer
TO993_WCRs1,710051.42,5149973.54,piezometer
TO996_WCRs1,696430.79,5159377.34,piezometer
TO998_WCRs1,685242.04,5140820.83,piezometer
TO999_WCRs2,678192.11,5131153.58,piezometer
TP008_WCRs2,669219.77,5138745.5,piezometer
TP010_WCRs1,705731.45,5142506.72,piezometer
TP012_WCRs1,707508.22,5125059.3,piezometer
TP013_WCRs2,678352.08,5140361.95,piezometer
TP018_WCRs2,680620.95,5141219.15,piezometer
TS752_WCRs1,650852,5175922.35,piezometer
TU016_WCRs1,707089.63,5126632.16,piezometer
TU702_WCRs1,691333.4,5149491.71,piezometer
TU840_WCRs1,657050.44,5167439.24,piezometer
TV160_WCRs2,671919.93,5137587.27,piezometer
TV161_WCRs1,667044.97,5158511.51,piezometer
TV163_WCRs2,672357.36,5137833.77,piezometer
TV164_WCRs1,678898.18,5135820.23,piezometer
TV165_WCRs1,654534.95,5144388.29,piezometer
TX164_WCRs1,665717.49,5148205.14,piezometer
TX165_WCRs1,665291.73,5148271.22,piezometer
TX178_WCRs2,671371.33,5131431.62,piezometer
TX302_WCRs1,658491.98,5172500.02,piezometer
TX303_WCRs2,665542.56,5152897.71,piezometer
TX304_WCRs1,653045.34,5142978.43,piezometer
TX307_WCRs1,672818.3,5135012.32,piezometer
TX313_WCRs1,667444.25,5165108.24,piezometer
TX316_WCRs1,655358.08,5170812.29,piezometer
TX317_WCRs1,660521.61,5157896.69,piezometer
TX322_WCRs1,673731.21,5139198.96,piezometer
TX323_WCRs2,663008.96,5175905.55,piezometer
TX324_WCRs1,667057.43,5140462.39,piezometer
TX328_WCRs1,662870.05,5160961.33,piezometer
TX331_WCRs2,660546.64,5171490.99,piezometer
TX334_WCRs1,658924.18,5173409.09,piezometer
TX336_WCRs1,660519.43,5158051.28,piezometer
TX337_WCRs1,652619.67,5135658.91,piezometer
TX340_WCRs1,660099.41,5174266.77,piezometer
TX344_WCRs1,662642.6,5176542.38,piezometer
TX346_WCRs1,653666.41,5169208.66,piezometer
TX349_WCRs1,663120.12,5175418.7,piezometer
TZ170_WCRs1,665413.7,5140341.89,piezometer
TZ184_WCRs1,668623.31,5141293.55,piezometer
UA801_WCRs1,655785.56,5162395.39,piezometer
UA813_WCRs1,653579.32,5151748.22,piezometer
UA814_WCRs1,656382.94,5157434.34,piezometer
UA818_WCRs1,685630.03,5140985.63,piezometer
UA824_WCRs2,653296.74,5159808.9,piezometer
UA835_WCRs1,656306.35,5153313.21,piezometer
UA838_WCRs1,655453.97,5166262.12,piezometer
UF209_WCRs1,654040.68,5160027.57,piezometer
UF307_WCRs1,668272.96,5148366.37,piezometer
UF332_WCRs1,662405.32,5139803.26,piezometer
UF335_WCRs1,664141.92,5148605.11,piezometer
UF375_WCRs2,668153.01,5141472.05,piezometer
UF388_WCRs1,668568.1,5148186.81,piezometer
UF391_WCRs1,667200.83,5148473.68,piezometer
UF393_WCRs1,665605.46,5143902.35,piezometer
UH077_WCRs2,676234.55,5130493.31,piezometer
UH078_WCRs1,678780.34,5129952.8,piezometer
UH081_WCRs1,684900.16,5127967.75,piezometer
UH085_WCRs2,708337.42,5127534.88,piezometer
UH086_WCRs1,686045.48,5136773.37,piezometer
UH090_WCRs2,669187.28,5137625.65,piezometer
UH091_WCRs2,671065.71,5136808.25,piezometer
UH094_WCRs1,702554.14,5155262.63,piezometer
UH100_WCRs1,707374.18,5149740.63,piezometer
UH101_WCRs2,708639.17,5150525.38,piezometer
UH107_WCRs1,665211.5,5158122.12,piezometer
UH110_WCRs2,661344.16,5151913.97,piezometer
UH112_WCRs1,670397.23,5136715.96,piezometer
UK554_WCRs1,667787.56,5157854.36,piezometer
UK555_WCRs1,655009,5143337.5,piezometer
UK558_WCRs1,660197.32,5171162.58,piezometer
UK563_WCRs1,659953.79,5172260.07,piezometer
UK564_WCRs1,662454.43,5156146.79,piezometer
UK567_WCRs1,660651.93,5155335,piezometer
UK568_WCRs1,664482.25,5156781.18,piezometer
UK569_WCRs2,660406.58,5151660.95,piezometer
UK573_WCRs1,661140.2,5175354.34,piezometer
UK575_WCRs1,665984.61,5164384.46,piezometer
UK576_WCRs1,657470.49,5153964.09,piezometer
UK579_WCRs1,652670.63,5150920.87,piezometer
UK581_WCRs1,660119.01,5173251.03,piezometer
UK586_WCRs1,657305.94,5167743.86,piezometer
UK588_WCRs1,660537.55,5157978.87,piezometer
UK589_WCRs1,659147.65,5166786.06,piezometer
UK590_WCRs1,667564.14,5165146.76,piezometer
UK593_WCRs1,663327.71,5154904.08,piezometer
UK594_WCRs1,657915.62,5175605.66,piezometer
UK733_WCRs1,660182.27,5149797.99,piezometer
UK738_WCRs1,664644.78,5157562.46,piezometer
UK739_WCRs1,665206.94,5122175.19,piezometer
UK740_WCRs1,660483.43,5149853.13,piezometer
UK742_WCRs1,654029.86,5151066.62,piezometer
UK747_WCRs1,660454.63,5148478.25,piezometer
UK749_WCRs1,660794.1,5143837.16,piezometer
UK753_WCRs1,660724.86,5147797.44,piezometer
UK765_WCRs1,660516.57,5143932.61,piezometer
UK766_WCRs2,662813.4,5140524.22,piezometer
UK767_WCRs1,664366.34,5144680.1,piezometer
UK771_WCRs1,653310.97,5153282.71,piezometer
UL454_WCRs1,673695.41,5143999.22,piezometer
UL498_WCRs1,673160.62,5141463.85,piezometer
UN348_WCRs1,665206.94,5122175.19,piezometer
UN889_WCRs1,700381.03,5154229.79,piezometer
UO440_WCRs1,665941.35,5148804.63,piezometer
UO441_WCRs1,665973.48,5149013.68,piezometer
UO443_WCRs1,672592.04,5135143.52,piezometer
UO444_WCRs2,667146.61,5142296.69,piezometer
UQ360_WCRs1,667705.76,5141724.32,piezometer
UQ400_WCRs1,665261.73,5145091.83,piezometer
UR281_WCRs1,677061.26,5138245.53,piezometer
UR320_WCRs1,664768.42,5121756.02,piezometer
UR501_WCRs1,657212.36,5154854.9,piezometer
UR513_WCRs1,664735.66,5148575.84,piezometer
UR517_WCRs1,656306.81,5147134.01,piezometer
UR530_WCRs1,665490.99,5145585.54,piezometer
UR531_WCRs1,664668.84,5139000.67,piezometer
UR535_WCRs1,653824.46,5165127.2,piezometer
UR536_WCRs2,656413.1,5136267.45,piezometer
UR540_WCRs1,660853.83,5152823.22,piezometer
UR541_WCRs1,664628.01,5138660.62,piezometer
UR545_WCRs1,661870.12,5154251.33,piezometer
UR546_WCRs1,652602.87,5151463.52,piezometer
UR551_WCRs2,688498.95,5131729.03,piezometer
UR552_WCRs1,709767.1,5149272.98,piezometer
UR555_WCRs1,681895.58,5125012.8,piezometer
UR558_WCRs2,709925.83,5148434.55,piezometer
UR559_WCRs1,688716.88,5126705.27,piezometer
UR561_WCRs1,707545.45,5125132.46,piezometer
UR565_WCRs2,678668.09,5130586.95,piezometer
UR572_WCRs2,686487.71,5142435.7,piezometer
UR574_WCRs1,696036.24,5155229.66,piezometer
UR575_WCRs2,671438.66,5131335.64,piezometer
UR578_WCRs1,696900.55,5158061.49,piezometer
UR580_WCRs1,707874.9,5125144.03,piezometer
UR586_WCRs2,708384.21,5127650.18,piezometer
UR587_WCRs1,702962.55,5153845.91,piezometer
UR613_WCRs1,708334.16,5126782.08,piezometer
US272_WCRs1,669929.65,5165035.33,piezometer
US428_WCRs1,659716.91,5155024.89,piezometer
US440_WCRs1,664437.44,5142407.69,piezometer
US444_WCRs1,657785.83,5172086.27,piezometer
US445_WCRs1,660958.87,5153891.91,piezometer
US446_WCRs1,658740.24,5154739.51,piezometer
US447_WCRs1,656818.59,5169824.79,piezometer
US448_WCRs1,662440.51,5156286.64,piezometer
US450_WCRs2,657709.26,5158204.64,piezometer
US451_WCRs1,671144.25,5135740.11,piezometer
US455_WCRs2,659851.15,5171508.95,piezometer
UT168_WCRs1,675589.94,5138713.01,piezometer
UU098_WCRs1,681897.05,5134008.01,piezometer
UV357_WCRs1,654018.64,5158803.87,piezometer
UV371_WCRs1,663318.29,5160919.78,piezometer
UV373_WCRs2,659415.84,5159137.6,piezometer
UV376_WCRs1,655908.09,5141803.11,piezometer
UW334_WCRs1,652357.97,5137712.73,piezometer
UX261_WCRs2,662830.81,5171534.07,piezometer
UX287_WCRs1,656205.16,5159909.54,piezometer
UX404_WCRs1,652415.51,5175428.55,piezometer
UX406_WCRs2,659545.8,5171430.99,piezometer
UX408_WCRs1,666413.19,5142175.97,piezometer
UX413_WCRs1,655550.62,5166958.8,piezometer
UX416_WCRs1,658065.89,5166670.42,piezometer
UX417_WCRs1,663533.83,5154903.94,piezometer
UX420_WCRs1,665437.52,5161874.95,piezometer
UX422_WCRs1,660527.67,5157890.56,piezometer
UX423_WCRs1,665113.74,5162509.15,piezometer
UX424_WCRs1,666251.31,5164429.71,piezometer
UX495_WCRs2,672558.12,5141374.81,piezometer
UX501_WCRs1,671842.58,5135842.27,piezometer
UX520_WCRs2,668510.88,5141045.61,piezometer
UX996_WCRs1,657941.22,5169043.81,piezometer
UZ120_WCRs1,671034.44,5131710.54,piezometer
UZ877_WCRs1,672318.77,5142371.16,piezometer
UZ882_WCRs2,653683.45,5158567.89,piezometer
VB507_WCRs2,654277.71,5135051.4,piezometer
VB526_WCRs1,659144.08,5146604.71,piezometer
VB852_WCRs1,656109.59,5151464.38,piezometer
VB861_WCRs2,655299.15,5163048.8,piezometer
VB862_WCRs2,650630.35,5170719.47,piezometer
VB863_WCRs2,650635.09,5176146.18,piezometer
VC529_WCRs1,650283.5,5144429.51,piezometer
VC532_WCRs1,659886.03,5159143.07,piezometer
VC543_WCRs1,654392.84,5161736.25,piezometer
VC545_WCRs1,651837.13,5162017.37,piezometer
VC547_WCRs1,650154.57,5136825.82,piezometer
VC559_WCRs1,661480.73,5150138.47,piezometer
VK010_WCRs1,673752.66,5141002.62,piezometer
VK015_WCRs2,681897.05,5134008.01,piezometer
VK023_WCRs2,678850.86,5135674.19,piezometer
VK025_WCRs1,656414.34,5156551.8,piezometer
VK026_WCRs1,665249.26,5158289.63,piezometer
VK630_WCRs1,671467.1,5135815.22,piezometer
VK631_WCRs1,678774.42,5138985.99,piezometer
VK833_WCRs2,691314.71,5149485.17,piezometer
VL118_WCRs1,654229.05,5172154.9,piezometer
VL119_WCRs1,653728.95,5151484.73,piezometer
VL125_WCRs2,671057.13,5136698.99,piezometer
VL141_WCRs1,655445.6,5167252.09,piezometer
VL142_WCRs1,654260.34,5152344.39,piezometer
WG165_WCRs2,669579.83,5135066.07,piezometer
WG257_WCRs1,690635.49,5153520.06,piezometer
WG269_WCRs2,695845.34,5154406.25,piezometer
WG275_WCRs1,686642.32,5140327.13,piezometer
WG291_WCRs2,699255.44,5149952.59,piezometer
WG963_WCRs1,667601.67,5159789.41,piezometer
WG964_WCRs1,671876.87,5136335.15,piezometer
WH001_WCRs2,672461.12,5137934.63,piezometer
WH607_WCRs1,660002.74,5171192.41,piezometer
WH623_WCRs1,681963.11,5135158.47,piezometer
WH831_WCRs1,672477,5142054.07,piezometer
WH838_WCRs1,661500.51,5138233.06,piezometer
WH842_WCRs1,655276.6,5146882.09,piezometer
WH848_WCRs1,650098.09,5161239.23,piezometer
WH852_WCRs1,686180.61,5136815.6,piezometer
WH859_WCRs1,697761.26,5158358.06,piezometer
WH862_WCRs1,673713.47,5165454.82,piezometer
WH867_WCRs2,696258.18,5159136.32,piezometer
WH889_WCRs1,691158.13,5153876.07,piezometer
WH902_WCRs1,663465.45,5153878.98,piezometer
WJ694_WCRs1,691037.63,5153751.55,piezometer
WJ695_WCRs1,691004.65,5154131.08,piezometer
WJ713_WCRs1,661252.61,5154419.11,piezometer
WL029_WCRs1,679152.61,5139933.85,piezometer
WL030_WCRs1,674357.68,5136928.77,piezometer
WL032_WCRs1,654905.96,5166068.22,piezometer
WL043_WCRs1,675288.68,5139320.36,piezometer
WL290_WCRs1,690902.8,5150089.58,piezometer
WL296_WCRs1,691658.61,5153459.92,piezometer
WL301_WCRs1,698279.98,5157231.8,piezometer
WL314_WCRs1,653069.8,5171575.12,piezometer
WM248_WCRs2,651647.69,5175858.49,piezometer
WM588_WCRs1,655638.13,5169218.29,piezometer
WM606_WCRs1,709820.17,5152221.38,piezometer
WM939_WCRs1,649869.35,5149432.65,piezometer
WN073_WCRs1,661233.37,5173114.06,piezometer
WN095_WCRs1,683948.06,5141467.83,piezometer
WN928_WCRs2,658725.37,5159028,piezometer
WN930_WCRs1,679478.59,5131298.17,piezometer
WN955_WCRs1,672249.4,5144800.48,piezometer
WO122_WCRs1,656536.47,5169755.48,piezometer
WO128_WCRs2,692038.71,5148633.48,piezometer
WO129_WCRs2,691835.77,5148550.55,piezometer
WO130_WCRs2,691783.83,5148509.37,piezometer
WO133_WCRs1,654341.31,5165917.12,piezometer
WO142_WCRs1,667913.1,5138758.72,piezometer
WO143_WCRs1,656224.28,5168361.09,piezometer
WO144_WCRs1,690913.19,5150068.3,piezometer
WO152_WCRs2,700040.52,5142936.7,piezometer
WO162_WCRs2,658338.44,5169330.18,piezometer
WO166_WCRs1,662008.12,5157156.06,piezometer
WO167_WCRs2,658000.24,5168324.74,piezometer
WO399_WCRs1,662847.16,5138120.43,piezometer
WP098_WCRs1,707488.63,5126642.14,piezometer
WP132_WCRs1,697662.02,5156913.52,piezometer
WP231_WCRs1,662324.38,5137710.38,piezometer
YE236_WCRs1,657279.67,5154384.32,piezometer
 4025552__Erickson_~1,695006.5779,5138378.648,gage
 4026400_Spillerber~1,683223.3412,5118427.15,gage
 4026410_Bad_R_Morse,683131.9812,5121482.607,gage
 4026413_Minnow_Morse,682818.5046,5125371.283,gage
 4026450_Bad_R_Mellen,676685.0753,5126451.457,gage
 4026505_Devils_Mel~1,686282.9454,5132050.267,gage
 40265095_City_Mellen,681375.1785,5130821.06,gage
 4026510_Montreal_M~1,680738.2144,5132810.064,gage
 4026514_Krause_Mel~1,678481.006,5136079.715,gage
 4026530_Tyler_Fks_~1,692393.5545,5127659.22,gage
 4026550_Tyler_Fks_~1,692810.62,5135466.315,gage
 4026553_Route_Upson,695075.0469,5136568.654,gage
 4026559_Tyler_Fork~1,687953.5003,5143099.617,gage
 4026560_Tyler_Fks_~1,686862.0125,5141768.42,gage
 4026561_Tyler_Fork~1,685298.5447,5140501.726,gage
 4026580_MarengoGra~1,654665.0569,5127919.687,gage
 4026590_MarengoGra~1,655575.63,5135327.773,gage
 4026600_Marengo_Ma~1,667667.8916,5143525.188,gage
 4026613_MCcarthy_M~1,669017.2428,5125873.31,gage
 4026616_Brunsweile~1,666753.8217,5130076.892,gage
 40266173_Spring_Ma~1,664828.9552,5131617.712,gage
 4026620_Brunsweile~1,668498.6409,5142065.535,gage
 40266205_Brunsweil~1,669194.8268,5143366.299,gage
 4026635_Trout_High~1,672204.3407,5132655.597,gage
 4026650_Trout_High~1,671139.5751,5139807.583,gage
 4026740_Marengo_Me~1,673930.8561,5142620.165,gage
 4026757_Silver_Hig~1,674377.9889,5135960.801,gage
 4026760_Silver_Mel~1,674775.9889,5139311.644,gage
 4026820_Potato_Iro~1,706160.7118,5139302.683,gage
 4026850_Apple_Upson,699679.5103,5135548.53,gage
 4026859_Potato_Upson,699193.78,5137834.063,gage
 4026880_Potato_Upton,695240.7202,5143737.794,gage
 4026894_Lawrence_S~1,695992.2224,5149397.43,gage
 4026900_Potato_Gur~1,691345.415,5148218.686,gage
 4026910_Potato_Gur~1,685290.4865,5148598.571,gage
 4026911_Winks_Gurney,686976.7583,5146175.305,gage
 4026950_Vaughncree~1,684254.9549,5149504.704,gage
 4027000_Bad_Odanah,676880.1711,5150525.822,gage
 4027200_Twenty_Mil~1,646865.6007,5136501.21,gage
 4027522_Deer_Ashland,665464.0566,5153287.779,gage
 4027650_Denomie_Od~1,679647.7163,5162555.588,gage
 4027675_Bell_Odanah,688372.1123,5161216.836,gage
 4027689_Graveyard_~1,691090.5393,5158923.818,gage
Bull_Gus_Crk_Co_P,692157.2755,5130529.826,gage
Happy_Crk_Conley,678231.7641,5126552.175,gage
Javorski_77,691199.0486,5134863.71,gage
4026955_Uvaughn,682735.694,5150354.731,gage
Drycreekbed,682521.8049,5140749.54,gage
Sugarbush,682169.7302,5155309.899,gage
